time,uav1_true_pos_x,uav2_true_pos_x,uav3_true_pos_x,uav1_true_pos_y,uav2_true_pos_y,uav3_true_pos_y
0.0,-40.0,10.0,40.0,-40.0,-10.0,40.0
0.02,-39.934774,9.996444,39.93833,-39.93833,-9.996444,39.934774
0.04,-39.80844633323539,9.989556959763616,39.81888937347178,-39.81888937347178,-9.989556959763616,39.80844633323539
0.06,-39.625190996251455,9.979563034739932,39.64562796151153,-39.64562796151153,-9.979563034739932,39.625190996251455
0.08,-39.38920743218235,9.966684642273801,39.422522756387465,-39.422522756387465,-9.966684642273801,39.38920743218235
