time,uav1_2_fused_error,uav1_3_fused_error,uav2_3_fused_error
0.0,0.09004554691932193,0.17945804421089928,0.09004554691932193
0.02,0.17439744249419514,0.34756885357602385,0.17439744249419514
0.04,0.24811859728981642,0.4993105577107017,0.2529776035860151
0.06,0.2859591462891816,0.6080950042841187,0.3244914631618847
0.08,0.26327751679066713,0.6418593003436124,0.38163637275208834
