{
    "transient_time": 10.0,
    "timestamp": "2026-01-18 00:58:49",
    "statistics": {
        "UAV_1_2": {
            "mean": 0.43802996647577036,
            "variance": 0.027155523400589292,
            "std": 0.16478933036027937,
            "num_samples": 14500
        },
        "UAV_1_3": {
            "mean": 0.2996363626268519,
            "variance": 0.021140815933988255,
            "std": 0.14539881682458167,
            "num_samples": 14500
        },
        "UAV_2_3": {
            "mean": 0.2644553215934262,
            "variance": 0.006236935482745521,
            "std": 0.07897427101749988,
            "num_samples": 14500
        }
    }
}