{
    "transient_time": 10.0,
    "timestamp": "2026-01-18 01:07:17",
    "statistics": {
        "UAV_1_2": {
            "mean": 0.30996515665563906,
            "variance": 0.008484849267139067,
            "std": 0.09211324154072023,
            "num_samples": 14500
        },
        "UAV_1_3": {
            "mean": 0.2448425444209839,
            "variance": 0.016546855237047693,
            "std": 0.1286345802537082,
            "num_samples": 14500
        },
        "UAV_2_3": {
            "mean": 0.28915094821836823,
            "variance": 0.02253314240960327,
            "std": 0.15011043404641555,
            "num_samples": 14500
        }
    }
}