{
    "transient_time": 10.0,
    "timestamp": "2026-01-18 23:09:16",
    "statistics": {
        "UAV_1_2": {
            "mean": 0.25478583456963916,
            "variance": 0.005141113622473371,
            "std": 0.07170155941451602,
            "num_samples": 14500
        },
        "UAV_1_3": {
            "mean": 0.23634187352354355,
            "variance": 0.008185601598290003,
            "std": 0.09047431457761923,
            "num_samples": 14500
        },
        "UAV_2_3": {
            "mean": 0.21287492663853883,
            "variance": 0.004644735640918121,
            "std": 0.06815229740014728,
            "num_samples": 14500
        }
    }
}