{
    "transient_time": 10.0,
    "timestamp": "2026-01-09 19:07:42",
    "statistics": {
        "UAV_1_2": {
            "mean": 0.8990110208034942,
            "variance": 0.22803971053673935,
            "std": 0.4775350359258882,
            "num_samples": 14500
        },
        "UAV_1_3": {
            "mean": 1.0594817207002054,
            "variance": 0.20946556168259423,
            "std": 0.45767407801031756,
            "num_samples": 14500
        },
        "UAV_2_3": {
            "mean": 1.1433708461133907,
            "variance": 0.3776446660531296,
            "std": 0.6145280026598703,
            "num_samples": 14500
        }
    }
}