{
    "transient_time": 10.0,
    "timestamp": "2026-01-19 17:05:16",
    "statistics": {
        "UAV_1_2": {
            "mean": 0.31948129666532255,
            "variance": 0.008075670506315875,
            "std": 0.08986473449755401,
            "num_samples": 14500
        },
        "UAV_1_3": {
            "mean": 0.2057061625756415,
            "variance": 0.006384275756468524,
            "std": 0.07990166303944195,
            "num_samples": 14500
        },
        "UAV_1_4": {
            "mean": 0.3947519911820546,
            "variance": 0.011833634939663704,
            "std": 0.10878251210403124,
            "num_samples": 14500
        },
        "UAV_1_5": {
            "mean": 0.3206703622016403,
            "variance": 0.010145228730355345,
            "std": 0.10072352620095935,
            "num_samples": 14500
        },
        "UAV_2_3": {
            "mean": 0.1381196768459199,
            "variance": 0.0016822512814262023,
            "std": 0.041015256690970524,
            "num_samples": 14500
        },
        "UAV_2_4": {
            "mean": 0.24760786189187423,
            "variance": 0.010280893128736325,
            "std": 0.10139473915709989,
            "num_samples": 14500
        },
        "UAV_2_5": {
            "mean": 0.22649766579246594,
            "variance": 0.007260691139303689,
            "std": 0.08520968923369976,
            "num_samples": 14500
        },
        "UAV_3_4": {
            "mean": 0.475447234679272,
            "variance": 0.012635173073737429,
            "std": 0.11240628573944354,
            "num_samples": 14500
        },
        "UAV_3_5": {
            "mean": 0.44621089427596283,
            "variance": 0.010782293800647824,
            "std": 0.1038378245180812,
            "num_samples": 14500
        },
        "UAV_4_5": {
            "mean": 0.14206033341750246,
            "variance": 0.0033138406041078325,
            "std": 0.05756596741224656,
            "num_samples": 14500
        }
    }
}