{
    "transient_time": 10.0,
    "timestamp": "2026-01-09 19:06:54",
    "statistics": {
        "UAV_1_2": {
            "mean": 1.1737761956442958,
            "variance": 0.3103630586121778,
            "std": 0.5571023771374323,
            "num_samples": 14500
        },
        "UAV_1_3": {
            "mean": 1.0908255213985159,
            "variance": 0.268405733566811,
            "std": 0.5180788873972872,
            "num_samples": 14500
        },
        "UAV_2_3": {
            "mean": 0.9035634552926401,
            "variance": 0.2576379331256113,
            "std": 0.5075804696061613,
            "num_samples": 14500
        }
    }
}