{
    "transient_time": 10.0,
    "timestamp": "2026-01-03 00:38:02",
    "statistics": {
        "UAV_1_2": {
            "mean": 0.7983980774306202,
            "variance": 0.20219104251051176,
            "std": 0.44965658286131177,
            "num_samples": 14500
        },
        "UAV_1_3": {
            "mean": 0.9355452417780872,
            "variance": 0.1806451530508089,
            "std": 0.4250237088102367,
            "num_samples": 14500
        },
        "UAV_2_3": {
            "mean": 1.0967950137094333,
            "variance": 0.2370456845917346,
            "std": 0.48687337634310485,
            "num_samples": 14500
        }
    }
}