{
    "transient_time": 10.0,
    "timestamp": "2026-01-18 01:03:04",
    "statistics": {
        "UAV_1_2": {
            "mean": 0.5144488052265735,
            "variance": 0.07109638370196081,
            "std": 0.26663905134462357,
            "num_samples": 14500
        },
        "UAV_1_3": {
            "mean": 0.22410014056672625,
            "variance": 0.013292827134609435,
            "std": 0.11529452343719296,
            "num_samples": 14500
        },
        "UAV_2_3": {
            "mean": 0.3027826583640574,
            "variance": 0.011584769341439389,
            "std": 0.10763256636092716,
            "num_samples": 14500
        }
    }
}