{
    "transient_time": 10.0,
    "timestamp": "2026-01-19 13:28:04",
    "statistics": {
        "UAV_1_2": {
            "mean": 0.341963971081679,
            "variance": 0.003340881761353666,
            "std": 0.057800361256255706,
            "num_samples": 14500
        },
        "UAV_1_3": {
            "mean": 0.5143206923051551,
            "variance": 0.026788058231393436,
            "std": 0.163670578392677,
            "num_samples": 14500
        },
        "UAV_1_4": {
            "mean": 0.31301773251267206,
            "variance": 0.0210404689147098,
            "std": 0.14505333127753323,
            "num_samples": 14500
        },
        "UAV_1_5": {
            "mean": 0.20342797210086463,
            "variance": 0.006000220012750942,
            "std": 0.07746108708733013,
            "num_samples": 14500
        },
        "UAV_2_3": {
            "mean": 0.3495310453154446,
            "variance": 0.03034260408392578,
            "std": 0.17419128590123498,
            "num_samples": 14500
        },
        "UAV_2_4": {
            "mean": 0.22467990638104193,
            "variance": 0.01436903257371879,
            "std": 0.11987089961170222,
            "num_samples": 14500
        },
        "UAV_2_5": {
            "mean": 0.1627404320921764,
            "variance": 0.0027371694766381367,
            "std": 0.05231796514236899,
            "num_samples": 14500
        },
        "UAV_3_4": {
            "mean": 0.11358931124620189,
            "variance": 0.0022150219926196364,
            "std": 0.047064020149362895,
            "num_samples": 14500
        },
        "UAV_3_5": {
            "mean": 0.19582971861978687,
            "variance": 0.004532009922327013,
            "std": 0.06732020441388316,
            "num_samples": 14500
        },
        "UAV_4_5": {
            "mean": 0.09810848515672478,
            "variance": 0.002030327920255638,
            "std": 0.04505916022581466,
            "num_samples": 14500
        }
    }
}