{
    "transient_time": 10.0,
    "timestamp": "2026-01-19 13:38:34",
    "statistics": {
        "UAV_1_2": {
            "mean": 0.3637469998467607,
            "variance": 0.008784492224838578,
            "std": 0.09372562202961673,
            "num_samples": 14500
        },
        "UAV_1_3": {
            "mean": 0.31575760374732414,
            "variance": 0.0035535190709724837,
            "std": 0.05961140051175181,
            "num_samples": 14500
        },
        "UAV_1_4": {
            "mean": 0.25058447309819837,
            "variance": 0.003970880046507948,
            "std": 0.06301491923749444,
            "num_samples": 14500
        },
        "UAV_1_5": {
            "mean": 0.13705866602127761,
            "variance": 0.0018514888622356875,
            "std": 0.04302893052628298,
            "num_samples": 14500
        },
        "UAV_2_3": {
            "mean": 0.0814605663510331,
            "variance": 0.001347754019686999,
            "std": 0.03671176949817319,
            "num_samples": 14500
        },
        "UAV_2_4": {
            "mean": 0.25512101583988045,
            "variance": 0.00941540649086172,
            "std": 0.09703301752940449,
            "num_samples": 14500
        },
        "UAV_2_5": {
            "mean": 0.23308358861333706,
            "variance": 0.008829847953473151,
            "std": 0.09396727065033415,
            "num_samples": 14500
        },
        "UAV_3_4": {
            "mean": 0.1825329244841227,
            "variance": 0.002392696248240394,
            "std": 0.048915194451626114,
            "num_samples": 14500
        },
        "UAV_3_5": {
            "mean": 0.1761966447596903,
            "variance": 0.002698111996453623,
            "std": 0.05194335372743681,
            "num_samples": 14500
        },
        "UAV_4_5": {
            "mean": 0.1507418289785488,
            "variance": 0.010243810263006206,
            "std": 0.10121171010810066,
            "num_samples": 14500
        }
    }
}