{
    "transient_time": 120.0,
    "timestamp": "2025-12-18 22:03:09",
    "statistics": {
        "UAV_2_to_1": {
            "mean": 0.09084443473165,
            "variance": 0.0019843209461157772,
            "std": 0.04454571748345487,
            "num_samples": 9000
        },
        "UAV_3_to_1": {
            "mean": 0.12199597553362507,
            "variance": 0.0024624104463900347,
            "std": 0.0496226807658558,
            "num_samples": 9000
        },
        "UAV_4_to_1": {
            "mean": 0.09990857626315186,
            "variance": 0.002944886801235802,
            "std": 0.05426681123150504,
            "num_samples": 9000
        },
        "UAV_5_to_1": {
            "mean": 0.12098220664635138,
            "variance": 0.00349480477303132,
            "std": 0.05911687384352559,
            "num_samples": 9000
        },
        "UAV_6_to_1": {
            "mean": 0.21414348802592592,
            "variance": 0.008821560562785727,
            "std": 0.09392316307911339,
            "num_samples": 9000
        }
    }
}