{
    "transient_time": 10.0,
    "timestamp": "2026-01-09 21:22:43",
    "statistics": {
        "UAV_1_2": {
            "mean": 0.5912814232222691,
            "variance": 0.02323977799567347,
            "std": 0.1524459838620666,
            "num_samples": 14500
        },
        "UAV_1_3": {
            "mean": 0.5149762355225616,
            "variance": 0.02797823396119453,
            "std": 0.1672669541816151,
            "num_samples": 14500
        },
        "UAV_2_3": {
            "mean": 0.5726655501262539,
            "variance": 0.022094647725263584,
            "std": 0.14864268473511766,
            "num_samples": 14500
        }
    }
}