{
    "transient_time": 10.0,
    "timestamp": "2026-01-19 13:11:58",
    "statistics": {
        "UAV_1_2": {
            "mean": 0.26696569529773573,
            "variance": 0.0430795726434051,
            "std": 0.20755619153232963,
            "num_samples": 14500
        },
        "UAV_1_3": {
            "mean": 0.34370541938734267,
            "variance": 0.06258727966305808,
            "std": 0.2501744984267143,
            "num_samples": 14500
        },
        "UAV_1_4": {
            "mean": 0.23496539744727504,
            "variance": 0.01086156677991744,
            "std": 0.1042188408106588,
            "num_samples": 14500
        },
        "UAV_2_3": {
            "mean": 0.25960386061437446,
            "variance": 0.02899916185118544,
            "std": 0.17029140275182844,
            "num_samples": 14500
        },
        "UAV_2_4": {
            "mean": 0.22167935467452268,
            "variance": 0.008608759709303202,
            "std": 0.09278340212184075,
            "num_samples": 14500
        },
        "UAV_3_4": {
            "mean": 0.1926224309311733,
            "variance": 0.00709043189180976,
            "std": 0.08420470231412115,
            "num_samples": 14500
        }
    }
}