{
    "transient_time": 10.0,
    "timestamp": "2026-01-19 13:30:03",
    "statistics": {
        "UAV_1_2": {
            "mean": 0.357050963341275,
            "variance": 0.011330619957503717,
            "std": 0.10644538485769929,
            "num_samples": 14500
        },
        "UAV_1_3": {
            "mean": 0.4462830344928585,
            "variance": 0.026756033123250596,
            "std": 0.16357271509408466,
            "num_samples": 14500
        },
        "UAV_1_4": {
            "mean": 0.36044621652784115,
            "variance": 0.027553384355899213,
            "std": 0.16599212136694685,
            "num_samples": 14500
        },
        "UAV_1_5": {
            "mean": 0.30742331474002565,
            "variance": 0.022367355654106004,
            "std": 0.14955719860343067,
            "num_samples": 14500
        },
        "UAV_2_3": {
            "mean": 0.32526680223289905,
            "variance": 0.04079179827165347,
            "std": 0.20196979544390659,
            "num_samples": 14500
        },
        "UAV_2_4": {
            "mean": 0.2778965807514109,
            "variance": 0.026969778183646962,
            "std": 0.1642247794446592,
            "num_samples": 14500
        },
        "UAV_2_5": {
            "mean": 0.24569863965070757,
            "variance": 0.015275069747880008,
            "std": 0.12359235311248026,
            "num_samples": 14500
        },
        "UAV_3_4": {
            "mean": 0.21962456418308265,
            "variance": 0.012510350446080972,
            "std": 0.11184967789887001,
            "num_samples": 14500
        },
        "UAV_3_5": {
            "mean": 0.17646975063650633,
            "variance": 0.0058282988070329205,
            "std": 0.07634329575694856,
            "num_samples": 14500
        },
        "UAV_4_5": {
            "mean": 0.1944535997611461,
            "variance": 0.01429540467363804,
            "std": 0.1195633918623842,
            "num_samples": 14500
        }
    }
}