{
    "transient_time": 10.0,
    "timestamp": "2026-01-08 11:35:09",
    "statistics": {
        "UAV_1_2": {
            "mean": 0.8504076635085568,
            "variance": 0.18765202913631734,
            "std": 0.4331882144476202,
            "num_samples": 14500
        },
        "UAV_1_3": {
            "mean": 0.885382349657087,
            "variance": 0.22545380414338506,
            "std": 0.4748197596387339,
            "num_samples": 14500
        },
        "UAV_2_3": {
            "mean": 0.8531197555654929,
            "variance": 0.28536161482605066,
            "std": 0.534192488552629,
            "num_samples": 14500
        }
    }
}