{
    "transient_time": 10.0,
    "timestamp": "2026-01-03 03:48:58",
    "statistics": {
        "UAV_1_2": {
            "mean": 0.05716535503153915,
            "variance": 1.301330394944507e-07,
            "std": 0.00036073957295319113,
            "num_samples": 14500
        },
        "UAV_1_3": {
            "mean": 0.07237930429498042,
            "variance": 1.3383035165722498e-06,
            "std": 0.0011568506889708151,
            "num_samples": 14500
        },
        "UAV_2_3": {
            "mean": 0.05716577487140556,
            "variance": 1.2864698786438765e-07,
            "std": 0.0003586739297250187,
            "num_samples": 14500
        }
    }
}