{
    "transient_time": 10.0,
    "timestamp": "2026-01-12 16:59:34",
    "statistics": {
        "UAV_1_2": {
            "mean": 0.2709028053770356,
            "variance": 0.009659289050115491,
            "std": 0.09828168216974865,
            "num_samples": 14500
        },
        "UAV_1_3": {
            "mean": 0.27298876363832497,
            "variance": 0.025561169697044646,
            "std": 0.15987860925416084,
            "num_samples": 14500
        },
        "UAV_2_3": {
            "mean": 0.3654110788362231,
            "variance": 0.026165516097324936,
            "std": 0.1617575843579674,
            "num_samples": 14500
        }
    }
}