{
    "transient_time": 10.0,
    "timestamp": "2026-01-18 01:00:35",
    "statistics": {
        "UAV_1_2": {
            "mean": 0.23752210740965246,
            "variance": 0.012759958099376039,
            "std": 0.11295998450502744,
            "num_samples": 14500
        },
        "UAV_1_3": {
            "mean": 0.2277360818716336,
            "variance": 0.017078751806383047,
            "std": 0.1306856985533729,
            "num_samples": 14500
        },
        "UAV_2_3": {
            "mean": 0.3008844583546827,
            "variance": 0.014316006863678203,
            "std": 0.1196495167716034,
            "num_samples": 14500
        }
    }
}