{
    "transient_time": 10.0,
    "timestamp": "2026-01-12 17:00:45",
    "statistics": {
        "UAV_1_2": {
            "mean": 0.17909498803500382,
            "variance": 0.00246424749897997,
            "std": 0.04964118752588389,
            "num_samples": 14500
        },
        "UAV_1_3": {
            "mean": 0.19000553324490402,
            "variance": 0.004410011614563998,
            "std": 0.06640791831223139,
            "num_samples": 14500
        },
        "UAV_2_3": {
            "mean": 0.2503335786044153,
            "variance": 0.004278292857533373,
            "std": 0.06540866041690024,
            "num_samples": 14500
        }
    }
}