{
    "transient_time": 10.0,
    "timestamp": "2026-01-19 16:35:08",
    "statistics": {
        "UAV_1_2": {
            "mean": 0.1554760684730475,
            "variance": 0.0029132142148191997,
            "std": 0.0539741995292121,
            "num_samples": 14500
        },
        "UAV_1_3": {
            "mean": 0.25362231480074665,
            "variance": 0.0033308397609110815,
            "std": 0.05771342790816606,
            "num_samples": 14500
        },
        "UAV_1_4": {
            "mean": 0.2854344131177086,
            "variance": 0.004397667314657366,
            "std": 0.06631491019866774,
            "num_samples": 14500
        },
        "UAV_1_5": {
            "mean": 0.1265889543585342,
            "variance": 0.0020918967792794025,
            "std": 0.04573725810845467,
            "num_samples": 14500
        },
        "UAV_2_3": {
            "mean": 0.14895849505469388,
            "variance": 0.0028682373683403257,
            "std": 0.053555927480908455,
            "num_samples": 14500
        },
        "UAV_2_4": {
            "mean": 0.15234435529928206,
            "variance": 0.0033420250535352567,
            "std": 0.05781025041924016,
            "num_samples": 14500
        },
        "UAV_2_5": {
            "mean": 0.09778481262613677,
            "variance": 0.0018519276734402998,
            "std": 0.043034029249424226,
            "num_samples": 14500
        },
        "UAV_3_4": {
            "mean": 0.08440406779180566,
            "variance": 0.002941913013386575,
            "std": 0.0542394046186587,
            "num_samples": 14500
        },
        "UAV_3_5": {
            "mean": 0.17914070880287158,
            "variance": 0.005973019291841794,
            "std": 0.07728531097072583,
            "num_samples": 14500
        },
        "UAV_4_5": {
            "mean": 0.2161584803585289,
            "variance": 0.006058844115487281,
            "std": 0.07783857729614077,
            "num_samples": 14500
        }
    }
}