{
    "transient_time": 10.0,
    "timestamp": "2026-01-09 19:08:39",
    "statistics": {
        "UAV_1_2": {
            "mean": 1.1388236514032624,
            "variance": 0.27163362656963047,
            "std": 0.5211848295658945,
            "num_samples": 14500
        },
        "UAV_1_3": {
            "mean": 1.1938419179173818,
            "variance": 0.3444840937730715,
            "std": 0.5869276733747281,
            "num_samples": 14500
        },
        "UAV_2_3": {
            "mean": 1.013914357214764,
            "variance": 0.250615669774423,
            "std": 0.5006152911911731,
            "num_samples": 14500
        }
    }
}