{
    "transient_time": 10.0,
    "timestamp": "2026-01-03 02:10:00",
    "statistics": {
        "UAV_1_2": {
            "mean": 0.0395334724886563,
            "variance": 2.959787842487865e-07,
            "std": 0.0005440393223368937,
            "num_samples": 14500
        },
        "UAV_1_3": {
            "mean": 0.07626230980954866,
            "variance": 1.268129198686627e-06,
            "std": 0.0011261124271966041,
            "num_samples": 14500
        },
        "UAV_2_3": {
            "mean": 0.039534169060027706,
            "variance": 2.9238304063624286e-07,
            "std": 0.0005407245515382512,
            "num_samples": 14500
        }
    }
}