{
    "transient_time": 10.0,
    "timestamp": "2026-01-19 13:25:45",
    "statistics": {
        "UAV_1_2": {
            "mean": 0.2760634901413247,
            "variance": 0.0069445218368906015,
            "std": 0.08333379768671653,
            "num_samples": 14500
        },
        "UAV_1_3": {
            "mean": 0.4453598875016781,
            "variance": 0.026465678826302647,
            "std": 0.16268275515955172,
            "num_samples": 14500
        },
        "UAV_1_4": {
            "mean": 0.2891603720453523,
            "variance": 0.02379615445502422,
            "std": 0.15426002221905785,
            "num_samples": 14500
        },
        "UAV_1_5": {
            "mean": 0.18871962799297703,
            "variance": 0.015086680257808228,
            "std": 0.12282784805494326,
            "num_samples": 14500
        },
        "UAV_2_3": {
            "mean": 0.26437588917611626,
            "variance": 0.027995074080364918,
            "std": 0.16731728565920773,
            "num_samples": 14500
        },
        "UAV_2_4": {
            "mean": 0.21115381721398843,
            "variance": 0.011308791193021755,
            "std": 0.10634280038169841,
            "num_samples": 14500
        },
        "UAV_2_5": {
            "mean": 0.19611306974734688,
            "variance": 0.006713294424424708,
            "std": 0.08193469609649326,
            "num_samples": 14500
        },
        "UAV_3_4": {
            "mean": 0.18313930203207443,
            "variance": 0.005892654086626472,
            "std": 0.076763624762165,
            "num_samples": 14500
        },
        "UAV_3_5": {
            "mean": 0.2943931003268224,
            "variance": 0.00801381483446875,
            "std": 0.08951991306111032,
            "num_samples": 14500
        },
        "UAV_4_5": {
            "mean": 0.17132758828805342,
            "variance": 0.004121133133135144,
            "std": 0.06419605231737498,
            "num_samples": 14500
        }
    }
}