{
    "transient_time": 10.0,
    "timestamp": "2026-01-12 15:38:54",
    "statistics": {
        "UAV_1_2": {
            "mean": 0.19294903453113232,
            "variance": 0.00909836684201943,
            "std": 0.09538535968386044,
            "num_samples": 14500
        },
        "UAV_1_3": {
            "mean": 0.14112388245768842,
            "variance": 0.006425072701579454,
            "std": 0.08015655120811682,
            "num_samples": 14500
        },
        "UAV_2_3": {
            "mean": 0.12752684237327916,
            "variance": 0.003057118278360433,
            "std": 0.05529121339200681,
            "num_samples": 14500
        }
    }
}