{
    "transient_time": 10.0,
    "timestamp": "2026-01-09 19:13:32",
    "statistics": {
        "UAV_1_2": {
            "mean": 0.6491209158863549,
            "variance": 0.13437514574286877,
            "std": 0.3665721562569486,
            "num_samples": 14500
        },
        "UAV_1_3": {
            "mean": 0.7622691917620857,
            "variance": 0.1849662565020278,
            "std": 0.43007703554366605,
            "num_samples": 14500
        },
        "UAV_2_3": {
            "mean": 0.6987714527540055,
            "variance": 0.17130331103543414,
            "std": 0.41388804166759174,
            "num_samples": 14500
        }
    }
}