{
    "transient_time": 120.0,
    "timestamp": "2025-12-18 22:03:24",
    "statistics": {
        "UAV_2_to_1": {
            "mean": 0.08472139637435813,
            "variance": 0.0020502931040463496,
            "std": 0.04528016236771186,
            "num_samples": 9000
        },
        "UAV_3_to_1": {
            "mean": 0.12089873430223494,
            "variance": 0.0035374175516146205,
            "std": 0.059476193149987505,
            "num_samples": 9000
        },
        "UAV_4_to_1": {
            "mean": 0.1055001300126199,
            "variance": 0.0032921623714319915,
            "std": 0.057377368111756324,
            "num_samples": 9000
        },
        "UAV_5_to_1": {
            "mean": 0.13649425243687593,
            "variance": 0.0035644271265567683,
            "std": 0.05970282343873502,
            "num_samples": 9000
        },
        "UAV_6_to_1": {
            "mean": 0.20805423741993329,
            "variance": 0.007429462156804969,
            "std": 0.08619432786909455,
            "num_samples": 9000
        }
    }
}