{
    "transient_time": 10.0,
    "timestamp": "2026-01-18 01:04:06",
    "statistics": {
        "UAV_1_2": {
            "mean": 0.40731489795276354,
            "variance": 0.0020806783667971307,
            "std": 0.04561445348567854,
            "num_samples": 14500
        },
        "UAV_1_3": {
            "mean": 0.12645852141599626,
            "variance": 0.006416648865767128,
            "std": 0.08010398782686869,
            "num_samples": 14500
        },
        "UAV_2_3": {
            "mean": 0.4647082958309219,
            "variance": 0.02001355789430683,
            "std": 0.1414692825114584,
            "num_samples": 14500
        }
    }
}