{
    "transient_time": 10.0,
    "timestamp": "2026-01-18 01:15:56",
    "statistics": {
        "UAV_1_2": {
            "mean": 0.5502796764873271,
            "variance": 0.012495929776120655,
            "std": 0.11178519479841978,
            "num_samples": 14500
        },
        "UAV_1_3": {
            "mean": 0.3147491488886784,
            "variance": 0.015060008001906633,
            "std": 0.12271922425564233,
            "num_samples": 14500
        },
        "UAV_1_4": {
            "mean": 0.21357560321722946,
            "variance": 0.005255770091342736,
            "std": 0.07249669020957257,
            "num_samples": 14500
        },
        "UAV_2_3": {
            "mean": 0.1250194906579801,
            "variance": 0.003187977868276082,
            "std": 0.05646218086716171,
            "num_samples": 14500
        },
        "UAV_2_4": {
            "mean": 0.1013188115779477,
            "variance": 0.0018642168122640244,
            "std": 0.04317657712538159,
            "num_samples": 14500
        },
        "UAV_3_4": {
            "mean": 0.19407579946823209,
            "variance": 0.0019488117816267236,
            "std": 0.04414534835774573,
            "num_samples": 14500
        }
    }
}