{
    "transient_time": 10.0,
    "timestamp": "2026-01-09 21:21:57",
    "statistics": {
        "UAV_1_2": {
            "mean": 0.44881929992735264,
            "variance": 0.01835274428748446,
            "std": 0.13547230081269182,
            "num_samples": 14500
        },
        "UAV_1_3": {
            "mean": 0.3268654791202825,
            "variance": 0.017134750431530683,
            "std": 0.13089977246554205,
            "num_samples": 14500
        },
        "UAV_2_3": {
            "mean": 0.31793342184470436,
            "variance": 0.002474777242773314,
            "std": 0.049747133010589806,
            "num_samples": 14500
        }
    }
}