{
    "transient_time": 10.0,
    "timestamp": "2026-01-12 15:25:50",
    "statistics": {
        "UAV_1_2": {
            "mean": 0.16407222752271225,
            "variance": 0.001951251428223344,
            "std": 0.044172971693370866,
            "num_samples": 14500
        },
        "UAV_1_3": {
            "mean": 0.19073943351341932,
            "variance": 0.0031383796079048187,
            "std": 0.05602124247019891,
            "num_samples": 14500
        },
        "UAV_2_3": {
            "mean": 0.1252215855341305,
            "variance": 0.0035842460956342233,
            "std": 0.05986857352262724,
            "num_samples": 14500
        }
    }
}