{
    "transient_time": 10.0,
    "timestamp": "2026-01-12 18:15:23",
    "statistics": {
        "UAV_1_2": {
            "mean": 0.35096278435408723,
            "variance": 0.005367693569732145,
            "std": 0.07326454510697616,
            "num_samples": 14500
        },
        "UAV_1_3": {
            "mean": 0.12774243930721804,
            "variance": 0.0024656384439053223,
            "std": 0.04965519553788226,
            "num_samples": 14500
        },
        "UAV_2_3": {
            "mean": 0.4622968479659386,
            "variance": 0.01982592557159045,
            "std": 0.14080456516601458,
            "num_samples": 14500
        }
    }
}