{
    "transient_time": 10.0,
    "timestamp": "2026-01-03 00:38:58",
    "statistics": {
        "UAV_1_2": {
            "mean": 0.053502698147527686,
            "variance": 2.328129919541488e-07,
            "std": 0.0004825069864304027,
            "num_samples": 14500
        },
        "UAV_1_3": {
            "mean": 0.0665872693489434,
            "variance": 1.8473836071559862e-06,
            "std": 0.001359184905432659,
            "num_samples": 14500
        },
        "UAV_2_3": {
            "mean": 0.05535867052978734,
            "variance": 1.4634550905826096e-07,
            "std": 0.00038255131558819784,
            "num_samples": 14500
        }
    }
}