{
    "transient_time": 10.0,
    "timestamp": "2026-01-12 17:06:42",
    "statistics": {
        "UAV_1_2": {
            "mean": 0.25661646158960205,
            "variance": 0.004357565548303633,
            "std": 0.06601185914897136,
            "num_samples": 14500
        },
        "UAV_1_3": {
            "mean": 0.16809902243829022,
            "variance": 0.015201314173361262,
            "std": 0.12329360962094207,
            "num_samples": 14500
        },
        "UAV_2_3": {
            "mean": 0.3193795140526527,
            "variance": 0.0031356998488426377,
            "std": 0.05599732001482426,
            "num_samples": 14500
        }
    }
}