{
    "transient_time": 10.0,
    "timestamp": "2026-01-09 20:56:26",
    "statistics": {
        "UAV_1_2": {
            "mean": 12.552815795487074,
            "variance": 5.754171424178881e-10,
            "std": 2.398785406029243e-05,
            "num_samples": 14500
        },
        "UAV_1_3": {
            "mean": 9.013297099425202,
            "variance": 5.114343490338097e-09,
            "std": 7.151463829411498e-05,
            "num_samples": 14500
        },
        "UAV_2_3": {
            "mean": 5.852262150955573,
            "variance": 3.900007828783413e-09,
            "std": 6.245004266438425e-05,
            "num_samples": 14500
        }
    }
}