{
    "transient_time": 10.0,
    "timestamp": "2026-01-19 13:23:40",
    "statistics": {
        "UAV_1_2": {
            "mean": 0.14522137453981115,
            "variance": 0.002727853027244228,
            "std": 0.052228852440430164,
            "num_samples": 14500
        },
        "UAV_1_3": {
            "mean": 0.21321053009491264,
            "variance": 0.024680831264587293,
            "std": 0.1571013407472619,
            "num_samples": 14500
        },
        "UAV_1_4": {
            "mean": 0.21656600833655523,
            "variance": 0.016900077448873257,
            "std": 0.13000029787994047,
            "num_samples": 14500
        },
        "UAV_1_5": {
            "mean": 0.33948306585246396,
            "variance": 0.02403150173146903,
            "std": 0.1550209719085422,
            "num_samples": 14500
        },
        "UAV_2_3": {
            "mean": 0.3385071280765265,
            "variance": 0.04637636125481496,
            "std": 0.21535171523536784,
            "num_samples": 14500
        },
        "UAV_2_4": {
            "mean": 0.34759573616955075,
            "variance": 0.05088939067115827,
            "std": 0.2255867697165733,
            "num_samples": 14500
        },
        "UAV_2_5": {
            "mean": 0.5107350244399784,
            "variance": 0.048056091546577466,
            "std": 0.21921699648197324,
            "num_samples": 14500
        },
        "UAV_3_4": {
            "mean": 0.3527832856520713,
            "variance": 0.018855306323451355,
            "std": 0.13731462530790867,
            "num_samples": 14500
        },
        "UAV_3_5": {
            "mean": 0.4751366999377889,
            "variance": 0.019312519917473656,
            "std": 0.1389694927582081,
            "num_samples": 14500
        },
        "UAV_4_5": {
            "mean": 0.378945234897948,
            "variance": 0.0190643358419697,
            "std": 0.13807366092767187,
            "num_samples": 14500
        }
    }
}