{
    "transient_time": 10.0,
    "timestamp": "2026-01-18 23:07:42",
    "statistics": {
        "UAV_1_2": {
            "mean": 0.1604154491440877,
            "variance": 0.0021663930473745925,
            "std": 0.046544527577091085,
            "num_samples": 14500
        },
        "UAV_1_3": {
            "mean": 0.3380217347973289,
            "variance": 0.008709742948080095,
            "std": 0.09332600360071193,
            "num_samples": 14500
        },
        "UAV_2_3": {
            "mean": 0.540536562683185,
            "variance": 0.019830492264590795,
            "std": 0.14082078065609066,
            "num_samples": 14500
        }
    }
}