{
    "transient_time": 10.0,
    "timestamp": "2026-01-08 11:44:22",
    "statistics": {
        "UAV_1_2": {
            "mean": 0.81585271284942,
            "variance": 0.2854230643517232,
            "std": 0.5342500017330118,
            "num_samples": 14500
        },
        "UAV_1_3": {
            "mean": 1.0381112748434151,
            "variance": 0.2719364418643299,
            "std": 0.5214752552751951,
            "num_samples": 14500
        },
        "UAV_2_3": {
            "mean": 1.1652813927265826,
            "variance": 0.2933652300056408,
            "std": 0.5416320060757496,
            "num_samples": 14500
        }
    }
}