{
    "transient_time": 10.0,
    "timestamp": "2026-01-09 21:23:34",
    "statistics": {
        "UAV_1_2": {
            "mean": 0.44663600340854537,
            "variance": 0.014405352050689468,
            "std": 0.12002229813951018,
            "num_samples": 14500
        },
        "UAV_1_3": {
            "mean": 0.12108147618060833,
            "variance": 0.004271417898792223,
            "std": 0.06535608539984798,
            "num_samples": 14500
        },
        "UAV_2_3": {
            "mean": 0.4741395321288909,
            "variance": 0.013696032329153436,
            "std": 0.11703004883000534,
            "num_samples": 14500
        }
    }
}