{
    "transient_time": 10.0,
    "timestamp": "2026-01-19 17:02:51",
    "statistics": {
        "UAV_1_2": {
            "mean": 0.304357490580991,
            "variance": 0.0032877037881995927,
            "std": 0.05733850179591016,
            "num_samples": 14500
        },
        "UAV_1_3": {
            "mean": 0.30790108587863096,
            "variance": 0.003346732018392145,
            "std": 0.057850946564357485,
            "num_samples": 14500
        },
        "UAV_1_4": {
            "mean": 0.44807642703394857,
            "variance": 0.004766011472341468,
            "std": 0.06903630546561329,
            "num_samples": 14500
        },
        "UAV_1_5": {
            "mean": 0.26798524188909445,
            "variance": 0.0025691302220502113,
            "std": 0.05068658818711525,
            "num_samples": 14500
        },
        "UAV_2_3": {
            "mean": 0.16078707559617644,
            "variance": 0.006792606675522432,
            "std": 0.08241727170637494,
            "num_samples": 14500
        },
        "UAV_2_4": {
            "mean": 0.32937046666509134,
            "variance": 0.011335563447318342,
            "std": 0.10646860310588442,
            "num_samples": 14500
        },
        "UAV_2_5": {
            "mean": 0.20793964484137956,
            "variance": 0.008460105336748857,
            "std": 0.09197883091640628,
            "num_samples": 14500
        },
        "UAV_3_4": {
            "mean": 0.2967358004033676,
            "variance": 0.005401474117740737,
            "std": 0.07349472169986589,
            "num_samples": 14500
        },
        "UAV_3_5": {
            "mean": 0.18659099515387015,
            "variance": 0.002580694087502752,
            "std": 0.05080053235452117,
            "num_samples": 14500
        },
        "UAV_4_5": {
            "mean": 0.11366079920194755,
            "variance": 0.0022584228168922253,
            "std": 0.04752286625291266,
            "num_samples": 14500
        }
    }
}