{
    "transient_time": 10.0,
    "timestamp": "2026-01-19 16:32:43",
    "statistics": {
        "UAV_1_2": {
            "mean": 0.3760398938339248,
            "variance": 0.01653440255510731,
            "std": 0.12858616782184354,
            "num_samples": 14500
        },
        "UAV_1_3": {
            "mean": 0.48927095689397687,
            "variance": 0.01718435063311459,
            "std": 0.13108909425697696,
            "num_samples": 14500
        },
        "UAV_1_4": {
            "mean": 0.44979658492978414,
            "variance": 0.03599475173673405,
            "std": 0.18972282871793275,
            "num_samples": 14500
        },
        "UAV_1_5": {
            "mean": 0.4880825117871506,
            "variance": 0.03246000982750325,
            "std": 0.1801666168509118,
            "num_samples": 14500
        },
        "UAV_2_3": {
            "mean": 0.29491021382565497,
            "variance": 0.007587685756978139,
            "std": 0.08710732321095706,
            "num_samples": 14500
        },
        "UAV_2_4": {
            "mean": 0.2807959420669324,
            "variance": 0.021317897715256932,
            "std": 0.14600649888021058,
            "num_samples": 14500
        },
        "UAV_2_5": {
            "mean": 0.3014150857904247,
            "variance": 0.024703410056235185,
            "std": 0.15717318491471496,
            "num_samples": 14500
        },
        "UAV_3_4": {
            "mean": 0.1776927482836288,
            "variance": 0.010749253885698118,
            "std": 0.10367860862153831,
            "num_samples": 14500
        },
        "UAV_3_5": {
            "mean": 0.31700664525889494,
            "variance": 0.02739819864495309,
            "std": 0.1655240122911268,
            "num_samples": 14500
        },
        "UAV_4_5": {
            "mean": 0.37030154806417725,
            "variance": 0.029491952991571226,
            "std": 0.17173221302822375,
            "num_samples": 14500
        }
    }
}