{
    "transient_time": 10.0,
    "timestamp": "2026-01-02 21:31:10",
    "statistics": {
        "UAV_1_2": {
            "mean": 0.6715757428741432,
            "variance": 0.16444323075066722,
            "std": 0.40551600554191103,
            "num_samples": 14500
        },
        "UAV_1_3": {
            "mean": 0.8740515304311135,
            "variance": 0.20331448400910426,
            "std": 0.4509040740657643,
            "num_samples": 14500
        },
        "UAV_2_3": {
            "mean": 0.9256069891212934,
            "variance": 0.21273405535541276,
            "std": 0.46123102167505253,
            "num_samples": 14500
        }
    }
}