{
    "transient_time": 10.0,
    "timestamp": "2026-01-12 17:04:24",
    "statistics": {
        "UAV_1_2": {
            "mean": 0.30346892274855153,
            "variance": 0.019686210911527096,
            "std": 0.14030755828367586,
            "num_samples": 14500
        },
        "UAV_1_3": {
            "mean": 0.35243262714138973,
            "variance": 0.017556642772628576,
            "std": 0.13250148215257282,
            "num_samples": 14500
        },
        "UAV_2_3": {
            "mean": 0.16856170555529645,
            "variance": 0.0024555355494587563,
            "std": 0.04955336062729506,
            "num_samples": 14500
        }
    }
}