{
    "transient_time": 10.0,
    "timestamp": "2026-01-19 13:22:13",
    "statistics": {
        "UAV_1_2": {
            "mean": 0.36347650778052915,
            "variance": 0.0012392246583025311,
            "std": 0.035202622889530986,
            "num_samples": 14500
        },
        "UAV_1_3": {
            "mean": 0.41155903053345305,
            "variance": 0.0030633882729799535,
            "std": 0.05534788408765012,
            "num_samples": 14500
        },
        "UAV_1_4": {
            "mean": 0.20260115006116344,
            "variance": 0.004399812858016314,
            "std": 0.06633108515633009,
            "num_samples": 14500
        },
        "UAV_1_5": {
            "mean": 0.1521439825536721,
            "variance": 0.0015907096335957451,
            "std": 0.03988370135275492,
            "num_samples": 14500
        },
        "UAV_2_3": {
            "mean": 0.30332727607000576,
            "variance": 0.01421953947181813,
            "std": 0.11924571049651274,
            "num_samples": 14500
        },
        "UAV_2_4": {
            "mean": 0.27843051252027656,
            "variance": 0.009070521810650004,
            "std": 0.09523928711750211,
            "num_samples": 14500
        },
        "UAV_2_5": {
            "mean": 0.19853500099183652,
            "variance": 0.004386190094154143,
            "std": 0.06622831791729383,
            "num_samples": 14500
        },
        "UAV_3_4": {
            "mean": 0.19667734295743416,
            "variance": 0.0015369931977041477,
            "std": 0.03920450481391326,
            "num_samples": 14500
        },
        "UAV_3_5": {
            "mean": 0.325234541291231,
            "variance": 0.007042302592236311,
            "std": 0.08391842820403818,
            "num_samples": 14500
        },
        "UAV_4_5": {
            "mean": 0.2078638757825804,
            "variance": 0.0014570339484796639,
            "std": 0.03817111405866567,
            "num_samples": 14500
        }
    }
}