{
    "transient_time": 10.0,
    "timestamp": "2026-01-19 13:35:18",
    "statistics": {
        "UAV_1_2": {
            "mean": 0.2703756970063232,
            "variance": 0.0031057183351013823,
            "std": 0.055728972133903404,
            "num_samples": 14500
        },
        "UAV_1_3": {
            "mean": 0.3862526123420957,
            "variance": 0.009570280051324619,
            "std": 0.09782780816988909,
            "num_samples": 14500
        },
        "UAV_1_4": {
            "mean": 0.3207737756543742,
            "variance": 0.04104479370077676,
            "std": 0.2025951472784498,
            "num_samples": 14500
        },
        "UAV_1_5": {
            "mean": 0.3009159811515812,
            "variance": 0.02561074645261184,
            "std": 0.16003357914079108,
            "num_samples": 14500
        },
        "UAV_2_3": {
            "mean": 0.27573153823395136,
            "variance": 0.013204955918616682,
            "std": 0.11491281877413277,
            "num_samples": 14500
        },
        "UAV_2_4": {
            "mean": 0.41392061772843175,
            "variance": 0.030189173683814817,
            "std": 0.17375031995312934,
            "num_samples": 14500
        },
        "UAV_2_5": {
            "mean": 0.406883526935029,
            "variance": 0.02047166220130502,
            "std": 0.1430792165246407,
            "num_samples": 14500
        },
        "UAV_3_4": {
            "mean": 0.4663517863161528,
            "variance": 0.03943476580689336,
            "std": 0.19858188690536044,
            "num_samples": 14500
        },
        "UAV_3_5": {
            "mean": 0.4754106437759792,
            "variance": 0.03264030096362507,
            "std": 0.1806662695790918,
            "num_samples": 14500
        },
        "UAV_4_5": {
            "mean": 0.1856107965104567,
            "variance": 0.003115196172698813,
            "std": 0.05581394245794515,
            "num_samples": 14500
        }
    }
}