{
    "transient_time": 10.0,
    "timestamp": "2026-01-08 10:41:12",
    "statistics": {
        "UAV_1_2": {
            "mean": 0.02003433315828532,
            "variance": 1.0139747858275479e-06,
            "std": 0.0010069631501835347,
            "num_samples": 14500
        },
        "UAV_1_3": {
            "mean": 0.03996808316199569,
            "variance": 3.905056755682719e-06,
            "std": 0.0019761216449608356,
            "num_samples": 14500
        },
        "UAV_2_3": {
            "mean": 0.020038566736164512,
            "variance": 9.866930086877571e-07,
            "std": 0.0009933242213334764,
            "num_samples": 14500
        }
    }
}