{
    "transient_time": 10.0,
    "timestamp": "2026-01-18 01:18:07",
    "statistics": {
        "UAV_1_2": {
            "mean": 0.1961077940133589,
            "variance": 0.0030146588292674394,
            "std": 0.05490590887388569,
            "num_samples": 14500
        },
        "UAV_1_3": {
            "mean": 0.276203005486101,
            "variance": 0.0017933825445118029,
            "std": 0.04234834760072467,
            "num_samples": 14500
        },
        "UAV_1_4": {
            "mean": 0.12819077626542075,
            "variance": 0.007064469148378765,
            "std": 0.08405039647960481,
            "num_samples": 14500
        },
        "UAV_2_3": {
            "mean": 0.06952070695012023,
            "variance": 0.0011392100191776095,
            "std": 0.033752185398542855,
            "num_samples": 14500
        },
        "UAV_2_4": {
            "mean": 0.40704858629346025,
            "variance": 0.01470531828835082,
            "std": 0.12126548679797901,
            "num_samples": 14500
        },
        "UAV_3_4": {
            "mean": 0.4929381266537845,
            "variance": 0.02221260898982687,
            "std": 0.14903895125042604,
            "num_samples": 14500
        }
    }
}