{
    "transient_time": 10.0,
    "timestamp": "2026-01-18 01:15:03",
    "statistics": {
        "UAV_1_2": {
            "mean": 0.3407567167433343,
            "variance": 0.0026958515553542413,
            "std": 0.05192159045478327,
            "num_samples": 14500
        },
        "UAV_1_3": {
            "mean": 0.12595702693705255,
            "variance": 0.003050833136008516,
            "std": 0.05523434742991462,
            "num_samples": 14500
        },
        "UAV_2_3": {
            "mean": 0.19709813329110054,
            "variance": 0.004340447606906759,
            "std": 0.06588207348669864,
            "num_samples": 14500
        }
    }
}