{
    "transient_time": 10.0,
    "timestamp": "2026-01-19 13:10:31",
    "statistics": {
        "UAV_1_2": {
            "mean": 0.3382646210538912,
            "variance": 0.009154775087493352,
            "std": 0.09568058887513889,
            "num_samples": 14500
        },
        "UAV_1_3": {
            "mean": 0.2979090715496842,
            "variance": 0.005669800378736187,
            "std": 0.0752980768594802,
            "num_samples": 14500
        },
        "UAV_1_4": {
            "mean": 0.21220221516326487,
            "variance": 0.002735893546437199,
            "std": 0.05230576972416331,
            "num_samples": 14500
        },
        "UAV_2_3": {
            "mean": 0.15774562328352554,
            "variance": 0.00552890205068675,
            "std": 0.07435658713716459,
            "num_samples": 14500
        },
        "UAV_2_4": {
            "mean": 0.16761003939409697,
            "variance": 0.016735277351598632,
            "std": 0.12936489999841005,
            "num_samples": 14500
        },
        "UAV_3_4": {
            "mean": 0.1634231972052709,
            "variance": 0.008443648322710766,
            "std": 0.09188932648959162,
            "num_samples": 14500
        }
    }
}