{
    "transient_time": 10.0,
    "timestamp": "2026-01-09 19:11:05",
    "statistics": {
        "UAV_1_2": {
            "mean": 0.9541939030630212,
            "variance": 0.21603411216050172,
            "std": 0.46479469893760805,
            "num_samples": 14500
        },
        "UAV_1_3": {
            "mean": 0.8835434747563439,
            "variance": 0.2345852662104584,
            "std": 0.48434003160017486,
            "num_samples": 14500
        },
        "UAV_2_3": {
            "mean": 0.8914256079133678,
            "variance": 0.2027214927267433,
            "std": 0.45024603577015904,
            "num_samples": 14500
        }
    }
}