{
    "transient_time": 10.0,
    "timestamp": "2026-01-12 15:23:56",
    "statistics": {
        "UAV_1_2": {
            "mean": 0.27180017151507013,
            "variance": 0.007412156431164694,
            "std": 0.08609388149668183,
            "num_samples": 14500
        },
        "UAV_1_3": {
            "mean": 0.28947850861922725,
            "variance": 0.015244918365474251,
            "std": 0.12347031370120613,
            "num_samples": 14500
        },
        "UAV_2_3": {
            "mean": 0.2022345932815466,
            "variance": 0.002716486440523663,
            "std": 0.05211992364272671,
            "num_samples": 14500
        }
    }
}