{
    "transient_time": 10.0,
    "timestamp": "2026-01-12 18:17:07",
    "statistics": {
        "UAV_1_2": {
            "mean": 0.40583643602815916,
            "variance": 0.006707968671122728,
            "std": 0.0819021896601228,
            "num_samples": 14500
        },
        "UAV_1_3": {
            "mean": 0.16956866603792972,
            "variance": 0.008845454361042726,
            "std": 0.09405027570955189,
            "num_samples": 14500
        },
        "UAV_2_3": {
            "mean": 0.26192473529209065,
            "variance": 0.006018721431255257,
            "std": 0.07758041912270941,
            "num_samples": 14500
        }
    }
}