{
    "transient_time": 120.0,
    "timestamp": "2026-01-02 21:03:28",
    "statistics": {
        "UAV_1_2": {
            "mean": 0.03970232447293591,
            "variance": 1.6777661640117168e-11,
            "std": 4.096054399067127e-06,
            "num_samples": 9000
        },
        "UAV_1_3": {
            "mean": 0.07667586682280528,
            "variance": 3.2017956341852176e-10,
            "std": 1.7893562066243876e-05,
            "num_samples": 9000
        },
        "UAV_2_3": {
            "mean": 0.0397023246086568,
            "variance": 1.6775443794237174e-11,
            "std": 4.095783660575491e-06,
            "num_samples": 9000
        }
    }
}