{
    "transient_time": 10.0,
    "timestamp": "2026-01-09 21:20:46",
    "statistics": {
        "UAV_1_2": {
            "mean": 0.16707556214420852,
            "variance": 0.004536400575244627,
            "std": 0.06735280673620533,
            "num_samples": 14500
        },
        "UAV_1_3": {
            "mean": 0.1705968959478345,
            "variance": 0.008943217844313723,
            "std": 0.09456858804229723,
            "num_samples": 14500
        },
        "UAV_2_3": {
            "mean": 0.292118501091372,
            "variance": 0.01789945005578615,
            "std": 0.133788826348788,
            "num_samples": 14500
        }
    }
}