{
    "transient_time": 10.0,
    "timestamp": "2026-01-12 18:17:53",
    "statistics": {
        "UAV_1_2": {
            "mean": 0.13010890471509398,
            "variance": 0.0017402404428807426,
            "std": 0.041716189218105035,
            "num_samples": 14500
        },
        "UAV_1_3": {
            "mean": 0.30404969647180424,
            "variance": 0.008060242119626622,
            "std": 0.0897788511823727,
            "num_samples": 14500
        },
        "UAV_2_3": {
            "mean": 0.3695023619387096,
            "variance": 0.007032721345598755,
            "std": 0.08386132210738605,
            "num_samples": 14500
        }
    }
}