{
    "transient_time": 10.0,
    "timestamp": "2026-01-02 21:30:12",
    "statistics": {
        "UAV_1_2": {
            "mean": 0.9319739707258738,
            "variance": 0.2578351243373095,
            "std": 0.5077746787082923,
            "num_samples": 14500
        },
        "UAV_1_3": {
            "mean": 0.9503597506476373,
            "variance": 0.19084279175474042,
            "std": 0.4368555731071087,
            "num_samples": 14500
        },
        "UAV_2_3": {
            "mean": 0.8537302879970567,
            "variance": 0.21378116210011147,
            "std": 0.4623647500622333,
            "num_samples": 14500
        }
    }
}