{
    "transient_time": 10.0,
    "timestamp": "2026-01-12 17:01:19",
    "statistics": {
        "UAV_1_2": {
            "mean": 0.20630715226678306,
            "variance": 0.0054743805814394045,
            "std": 0.0739890571736078,
            "num_samples": 14500
        },
        "UAV_1_3": {
            "mean": 0.14207506373366996,
            "variance": 0.003157566978061363,
            "std": 0.056192232364103166,
            "num_samples": 14500
        },
        "UAV_2_3": {
            "mean": 0.3087357172971032,
            "variance": 0.0020889779856080107,
            "std": 0.04570533869919367,
            "num_samples": 14500
        }
    }
}