{
    "transient_time": 10.0,
    "timestamp": "2026-01-19 17:01:08",
    "statistics": {
        "UAV_1_2": {
            "mean": 0.2706816548030344,
            "variance": 0.01475349904819433,
            "std": 0.12146398251413598,
            "num_samples": 14500
        },
        "UAV_1_3": {
            "mean": 0.4013246755238517,
            "variance": 0.004934718476945398,
            "std": 0.07024755139466,
            "num_samples": 14500
        },
        "UAV_1_4": {
            "mean": 0.366580529794774,
            "variance": 0.007431117976410906,
            "std": 0.08620393248808841,
            "num_samples": 14500
        },
        "UAV_1_5": {
            "mean": 0.3015480603473039,
            "variance": 0.003193378862603302,
            "std": 0.05650998905152346,
            "num_samples": 14500
        },
        "UAV_2_3": {
            "mean": 0.3180963818931234,
            "variance": 0.0035280890899933182,
            "std": 0.059397719568964245,
            "num_samples": 14500
        },
        "UAV_2_4": {
            "mean": 0.2758484882355195,
            "variance": 0.006227712276845885,
            "std": 0.0789158556745467,
            "num_samples": 14500
        },
        "UAV_2_5": {
            "mean": 0.19749589326464073,
            "variance": 0.002149416605218501,
            "std": 0.04636180114295066,
            "num_samples": 14500
        },
        "UAV_3_4": {
            "mean": 0.18211536580829657,
            "variance": 0.0029834046495915154,
            "std": 0.0546205515313743,
            "num_samples": 14500
        },
        "UAV_3_5": {
            "mean": 0.21340516665021175,
            "variance": 0.006271254679630316,
            "std": 0.0791912538076669,
            "num_samples": 14500
        },
        "UAV_4_5": {
            "mean": 0.1809077042482491,
            "variance": 0.0058856713759669055,
            "std": 0.07671812938261012,
            "num_samples": 14500
        }
    }
}